Row.names;FT_H01;FT_H02;FT_H03;FT_H04;FT_B01;FT_B02;FT_B03;FT_B04;baseMean;log2FoldChange;lfcSE;stat;pvalue;padj;Name;Type2;log10padj
MIR8075;-1.40366754993463;-1.40366754993463;-1.40366754993463;-1.40366754993463;0.910614507846332;2.6803684538516;0.958732524410493;1.0649547136301;12.5624048605057;20.2969979678954;2.51591610520452;8.06743830841908;7.17884585145686e-16;1.22399321767339e-13;MIR8075;miRNA;12.9122209886734
ENSG00000107807;-0.0761464421378761;-0.0761464421378761;-0.0761464421378761;-0.0761464421378761;-0.0761464421378761;-0.0761464421378761;-0.0761464421378761;0.53302509496513;32.8722308833747;15.7168741410676;3.42562738870532;4.58802793114274;4.47452783053648e-06;0.000443157236336333;TLX1;Protein coding;3.35344215468578
ENSG00000144045;-1.06832157013808;-1.06832157013808;-1.06832157013808;-1.06832157013808;1.6184688114788;1.57199044448609;0.452910554843215;0.629916469744212;30.8235548001429;8.84124112412026;1.91277120369536;4.62221571876423;3.79662902203586e-06;0.000389367894733287;DQX1;Protein coding;3.40963986102091
ENSG00000128045;-0.848802612197248;-0.848802612197248;-0.848802612197248;-0.848802612197248;1.43121520568505;1.15482067906537;-0.281377846313791;1.09055241035235;35.11157420587;8.20645303847972;1.79993179442986;4.55931333835856;5.13211498094576e-06;0.000494165649165289;RASL11B;Protein coding;3.30612744690735
ENSG00000171428;-1.49014967678893;-2.35021523025163;-2.46266500422908;-1.68811512311994;-0.956032715069321;5.68610975493484;-0.720186827819782;3.98125482234384;1290.66043152723;7.43837385798813;1.4354518217169;5.18190422378044;2.19631993200178e-07;4.183144732028e-05;NAT1;Protein coding;4.37849710906658
MIR3960;-1.3099398201742;-1.3099398201742;-1.3099398201742;-1.3099398201742;1.36981457133402;1.88628088415392;1.51841183059302;0.465251994615837;10.9828627298761;7.11613690590904;1.59434990257737;4.46334703216989;8.06892087416163e-06;0.000134219610638493;MIR3960;miRNA;3.87218402537518
ENSG00000084628;-1.25206984978016;-1.76946062960327;-1.63561401403441;-1.87374073618119;-0.718431988147803;2.97129258218854;2.42746522110656;1.85055941445174;158.818973185314;6.03178564195152;1.11506965367923;5.40933530210361;6.32590954252395e-08;1.63642782374664e-05;NKAIN1;Protein coding;4.78610314491743
ENSG00000152049;-1.40259315293658;-1.22299422665259;-0.440406949259798;-1.21396125519957;-0.265287568837049;2.18643684092726;3.88923901911995;-1.53043270716162;672.919995614585;3.95942546582742;0.849907676057352;4.6586536130546;3.18284251093283e-06;0.000344781414996799;KCNE4;Protein coding;3.46245615230751
ENSG00000089685;-1.42524407901519;-0.760169853282875;-1.25916677675336;-1.23470851863544;1.42459565148054;2.21822113452091;0.553236385462091;0.483236056223323;239.09188452497;3.79452807677511;0.784981118406928;4.83390999833968;1.33877131496139e-06;0.000179872747526441;BIRC5;Protein coding;3.74503463151517
ENSG00000164932;-2.46841841643699;-0.127535845877754;-1.36324872136535;-1.12764736448728;3.54224891674289;1.74241987182892;0.870143615613397;-1.06796205601783;813.068528785633;3.54540216374688;0.781652166018047;4.53577987483633;5.73910151675484e-06;0.000537676256694026;CTHRC1;Protein coding;3.26947914115806
ENSG00000270882;-1.13128652821294;-1.20765933751828;-1.30129495997538;-1.87218793528419;1.45814784620005;2.24558317294814;0.590491252150628;1.21820648969197;515.987567105845;3.32913232760735;0.557034102084038;5.97653234362497;2.27937316154674e-09;1.4631887272566e-06;HIST2H4A;Protein coding;5.8346996534236
ENSG00000127084;-1.47408805610134;-0.941668859813467;-1.2198587821552;-1.15192843257755;-1.68624453697113;3.02548896092173;1.91194921442227;1.53635049227468;1711.96740062778;3.28835115320644;0.678028898671595;4.84986872926661;1.23543207931348e-06;0.000168821054991104;FGD3;Protein coding;3.77257339007876
ENSG00000270276;-1.00171944341531;-1.06196932924868;-1.26753488236756;-2.07552802242617;1.47810687588466;2.31829154784257;0.410543201028412;1.19981005270208;496.829340971081;3.26276760476598;0.611171693967217;5.33854502257264;9.36954413363565e-08;2.04675023715306e-05;HIST2H4B;Protein coding;4.68893515061752
ENSG00000149925;-1.67656591098009;-0.527853473323777;-1.57929273583614;-0.945776070147785;0.340118729186274;3.20796144266177;0.766656328203887;0.414751690235867;5441.6719944243;2.89656849623721;0.57771073787508;5.01387339084486;5.33450953535429e-07;8.56089993210747e-05;ALDOA;Protein coding;4.06748057936431
MIR1244;-1.59830396557936;-1.55070425774496;-1.70489744856198;-0.881119005496331;1.19875867703361;1.66254182622465;1.51200482817339;1.36171934595097;401.788096679064;2.88822885764798;0.666673036425849;4.33230189289232;1.47558418480903e-05;0.000206311982419887;MIR1244;miRNA;3.68547554784985
SNORD76;-0.872427053098667;0.283679025700168;-3.04525033554737;-3.01412028112203;2.25671616088753;1.57488871310651;1.29513392195351;1.52137984812034;11768.9019019556;2.70436065245202;0.666327151281629;4.05860791842325;4.9366118701629e-05;0.00057063886363578;SNORD76;snoRNA;3.24363865383597
SNORD41;-1.97710772502019;-1.30644490122385;-1.03240563643647;-1.04929383990375;1.21582228279488;1.71947481548257;1.3921136240079;1.03784138029889;2965.3046564942;2.66218754695163;0.491575155464136;5.41562672026831;6.1074398677639e-08;2.77684932654332e-06;SNORD41;snoRNA;5.55644768468118
SNORD80;-1.20158198229773;-0.175688985983392;-2.10799067616468;-2.29938834486217;1.35319264335774;1.65898947145066;1.36169901233806;1.41076886216151;5565.38986568945;2.64189190404681;0.535388000095044;4.93453701535674;8.0341108598911e-07;1.88940124360197e-05;SNORD80;snoRNA;4.72367580312753
ENSG00000135821;-2.04640122434478;-1.04180361991617;-0.870146697654331;-1.08826599380121;0.315888049178682;2.17085666401035;1.27754698252833;1.28232583999913;6530.35637521825;2.62907478498462;0.416470872051632;6.31274588792535;2.74127416889226e-10;2.63954243862448e-07;GLUL;Protein coding;6.57847135101015
SNORD45C;-1.11258221504985;-1.20297274225655;-1.48870763482271;-0.924632116215406;0.856006171359528;0.327959026316314;1.73846914923434;1.80646036143434;1229.04762907482;2.48440216243886;0.467745268043333;5.3114426423416;1.08760802862095e-07;4.3632275030558e-06;SNORD45C;snoRNA;5.36019214187317
SNORD28;-1.62738395353555;-1.02830077447179;-1.18696234614104;-0.795611617356524;0.893609361921893;2.16196259004439;0.68343070163796;0.899256037900667;1453.39239571707;2.42793078774824;0.56525747268473;4.295265264193;1.74484574943078e-05;0.000228843230983037;SNORD28;snoRNA;3.6404619291628
ENSG00000158773;-1.06660436410676;-0.786235122897864;-1.10112008721336;-1.06260626955154;1.26606773132438;1.19443463292635;0.361471445683947;1.19459203383484;455.37248251226;2.40385212545852;0.435948088841043;5.5140788249562;3.50611444806104e-08;1.04772371747921e-05;USF1;Protein coding;4.97975322478848
SNORD12C;-1.58372733149065;-1.87557812132971;-0.757772736345732;-0.598767758400561;0.627139272583504;1.1695268835758;1.70155097939382;1.31762881201353;2314.7566758479;2.36466346061252;0.460233130139357;5.13796879398166;2.77723985835925e-07;8.25877291377105e-06;SNORD12C;snoRNA;5.08308447524214
ENSG00000168461;-1.30557607213538;-1.29240452795103;-1.08179142993173;-0.607834102641327;0.594065112830361;1.76491989685552;1.38014869652594;0.548472426447645;4455.42428950626;2.24922456006902;0.431069687351253;5.21777481940236;1.81085424953447e-07;3.60755469573925e-05;RAB31;Protein coding;4.44278707565299
MALAT1;-1.52224146347066;0.114790565950507;-1.07157562225598;-1.56477009695262;-0.389809842263336;0.561220785671757;2.46899202484474;1.4033936484756;3503.30325267335;2.21958415686237;0.563682807503561;3.93764742744676;8.22843772020484e-05;0.00091996631560323;MALAT1;misc RNA;3.0362280739756
ENSG00000109971;-0.964718444150042;-0.659744381998184;-1.19668589296034;-0.852152619549914;1.798084932216;2.04710512119151;-0.366647503981012;0.194758789231988;5511.83435731262;2.17876969186471;0.491765140855124;4.4305086124569;9.40110923283614e-06;0.00078714988030684;HSPA8;Protein coding;3.10394256625244
ENSG00000158710;-1.1220733570453;-0.740514891000766;-1.307473021291;-0.434358974651506;2.20548327395264;1.45924440533343;-0.767969918285306;0.707662482987809;2632.73797473881;2.17158511723866;0.430646422861669;5.04261733514087;4.59206996143247e-07;7.65286120880266e-05;TAGLN2;Protein coding;4.11617616290179
ENSG00000170540;-1.50731401492455;-0.269605387197128;-1.04091441231444;-1.28131020935485;0.933550968150399;1.74120142246671;0.699632015135355;0.724759618038512;1848.90599352014;2.10081309363878;0.391151272708401;5.37084560429109;7.83682857196726e-08;1.86065633985392e-05;ARL6IP1;Protein coding;4.73033383293443
SNORA24;-1.49065037330037;-0.537533591894563;-1.30299735367942;-0.858539692021727;0.663549948222691;1.34902180714855;0.937237883555762;1.23991137196908;5321.33563678239;2.07210472600175;0.37789824882949;5.48323452786545;4.17618781920108e-08;2.03440006621081e-06;SNORA24;snoRNA;5.69156363869796
RN7SK;-0.815804684502904;-1.10801574437636;-0.876455418183372;-1.19222848514322;0.616954210577035;0.685434687819548;1.61708409106436;1.07303134274492;285931.497728379;2.04513666617593;0.390522021579048;5.236930449931;1.6326918202572e-07;6.10891940397239e-06;RN7SK;7SK;5.21403560455222
SNORA50;-0.241230532508258;-0.645829207662384;-1.11558888376681;-1.93401238760401;-0.00807504310490081;1.97319491892955;1.38075405720916;0.590787078507645;8503.64292389627;2.032608824275;0.455065184308405;4.46663224162951;7.94605517227821e-06;0.000134219610638493;SNORA50;snoRNA;3.87218402537518
SNORA63;-1.65992842040315;-1.07971894298261;-0.652828548760631;-0.468479678537514;-0.125205027770686;0.955257082272805;1.41412953983741;1.61677399634438;7671.70024734223;2.00103769054161;0.396992968811396;5.04048647645514;4.64349942069609e-07;1.2180256172749e-05;SNORA63;snoRNA;4.91434357761108
ENSG00000163431;1.20855606047118;0.708516841963021;1.02658404679843;1.06550393972775;-0.44927548567779;-1.72968276536873;-1.18711185593762;-0.643090781976248;1162.50217480745;-2.09188624813752;0.388966883651511;-5.37805745440199;7.52937911042081e-08;1.83801688368751e-05;LMOD1;Protein coding;4.73565050358177
ENSG00000154265;1.20236001466071;0.541219087025803;1.62916528484854;0.880429988632974;-0.530551148698569;-0.73842528183917;-0.56756351380889;-2.4166344308214;1783.37486483296;-2.0998425651733;0.437791486014667;-4.79644449984336;1.61506678619207e-06;0.000208898041330455;ABCA5;Protein coding;3.68006563203196
ENSG00000186153;0.731283387227931;1.9442992761554;0.769259723951725;0.637135444853293;-1.4963330902497;-0.691235726873547;-0.73174506035568;-1.16266395470942;17620.5899038797;-2.12890184528695;0.388775212635575;-5.47591969882739;4.35245044835829e-08;1.21672050275719e-05;WWOX;Protein coding;4.91480917366063
SNORA40;1.22027377405365;0.436948935043112;0.946068367853012;1.57088581098063;-1.07348458947379;-0.982972082182229;-0.752783566295088;-1.3649366499793;792.370742084064;-2.14713838731568;0.513544578437512;-4.18101656111037;2.90208723713039e-05;0.000359858817404169;SNORA40;snoRNA;3.44386785158963
RNU11;2.00276727894679;-0.0861835049087922;0.381106548872284;1.58319153610508;-0.901881981310016;-1.06631122239269;-1.33956341169914;-0.573125243613523;2921.88746981564;-2.17090857463109;0.4736121212368;-4.58372680361713;4.56760940321382e-06;8.65308225831062e-05;RNU11;snRNA;4.06282916775606
ENSG00000112902;1.64089298551236;1.19817600298081;1.40907553890329;-0.100939223602539;-0.335433889240251;-0.868255885607381;-1.41842551316513;-1.52509001578115;3871.38579897285;-2.17754375130967;0.449093590879009;-4.84875267769369;1.2424020449851e-06;0.000168821054991104;SEMA5A;Protein coding;3.77257339007876
SCARNA8;1.61490540823753;0.657104162751208;1.72154473813616;0.590777129542436;0.00742061831207863;-1.35311337268555;-2.15395256733;-1.08468611696388;812.91878972415;-2.19441060274217;0.529535301217024;-4.14403080908636;3.41253867002857e-05;0.000408307258413945;SCARNA8;scaRNA;3.38901289962365
SNORD94;1.92372577917281;-0.116610633649504;1.16335743312538;1.45572838312527;-1.31661495283721;-2.18227885929619;-0.880758991074382;-0.0465481585661731;2099.6197012546;-2.19545594914409;0.495656505229074;-4.42938996256981;9.45000140629214e-06;0.000149881417653285;SNORD94;snoRNA;3.82425220778476
SNORA53;0.523890134189486;0.749315268666928;1.41130916032693;1.64653967295949;-1.62437212426127;-1.210971682251;-1.06299891204847;-0.432711517582105;1431.71646314232;-2.19656721232194;0.371051961632877;-5.91983721809629;3.22260424617831e-09;2.74727011986701e-07;SNORA53;snoRNA;6.56109863733943
RNU12;1.31251842806139;0.690383160782156;0.624902662482382;1.93608132168841;-2.24047496311073;-0.90766030383482;-1.21467250412593;-0.20107780194286;3692.15447008803;-2.22066788265769;0.461609791391545;-4.81070359440033;1.50399915465409e-06;3.20539819835654e-05;RNU12;snRNA;4.49411801150964
SNORD8;-0.319493337876894;1.57575858172883;1.85385811976758;1.3013932744641;-0.0280355875153262;-1.76185273857494;-1.35564056400813;-1.26598774798522;2596.76804321377;-2.24826516024674;0.521092237355737;-4.31452437605955;1.59946885634543e-05;0.000213889756868154;SNORD8;snoRNA;3.66981001319451
ENSG00000003096;1.18985189363314;1.22201747501279;1.40059644881006;0.591635873250622;-1.66437302402622;-0.894998869015337;-1.02865038835726;-0.816079409307783;2699.16703443436;-2.26000920904139;0.487473392096034;-4.63616936982719;3.5492518143126e-06;0.000370576099070277;KLHL13;Protein coding;3.43112259466802
ENSG00000122591;1.23062446069642;1.19688478230701;1.37442430814799;0.947232404709384;-0.204680480044479;-1.42289220032221;-0.712493399677959;-2.40909987581616;1879.50999584729;-2.28026056635309;0.426137666004351;-5.35099510853801;8.74718866413021e-08;1.97079053120228e-05;FAM126A;Protein coding;4.70535953298962
ENSG00000081913;2.02370246108535;0.443547692665842;1.0858255107431;1.29413788651091;-1.42130091981463;-0.205734737834723;-0.435647665519593;-2.78453022783624;2803.46760005818;-2.3181577423505;0.521400566288644;-4.4460207606817;8.74754983188929e-06;0.00074685977185372;PHLPP1;Protein coding;3.1267609323573
RNVU1;-0.131960324159445;0.606296013700483;1.08675038535866;2.54905407189336;-1.72211806940624;-1.06050634457107;-0.971411385087654;-0.356104347728103;81575.2630542201;-2.32851932900161;0.473010773689268;-4.92276171817445;8.5331329913049e-07;1.93986556668998e-05;RNVU1;snRNA;4.71222836577476
RNU6;1.63623106102066;1.46871931429189;0.45524794058278;1.11914333300756;-0.835481817812665;-0.601028090395452;-1.78730353779662;-1.45552820289816;74299.1364401033;-2.33026219956108;0.307772383909011;-7.57138171386418;3.69275222811391e-14;5.03691403914737e-12;RNU6;snRNA;11.2978354608243
ENSG00000198786;1.66222718651903;0.353666435267224;0.842104546161314;1.81328209509051;-2.30443477812667;-1.03500917834272;-0.24109316907461;-1.09074313749407;8896.47001404887;-2.33527630012287;0.503478688873591;-4.63828231806092;3.51316687823716e-06;0.000370576099070277;MT_ND5;Protein coding;3.43112259466802
ENSG00000169918;1.20304795029209;0.856833539755277;0.890880816402948;1.27247292585748;-1.00569716667842;-1.09204103390357;-0.905138337518789;-1.22035869420701;907.149870447342;-2.33713086817153;0.488606623326287;-4.78325662526031;1.72477692867279e-06;0.000221435805390791;OTUD7A;Protein coding;3.65475215388919
ENSG00000182771;1.19006731873191;1.50120295533323;0.842371287932549;1.37618475222615;0.0951148830723998;-1.75889188633069;-0.842847688149286;-2.40320162281625;1607.63502427704;-2.34595953556266;0.521477435525049;-4.49867889911792;6.83770428965411e-06;0.000620476914912487;GRID1;Protein coding;3.20727437196158
ENSG00000140945;1.90538873420215;-0.19538893778933;0.587865238373611;1.76494490733673;-1.1714735371526;-0.821806130495773;-0.747989989631066;-1.32154028484372;2219.82034965475;-2.35426702573314;0.492379821379989;-4.78140436205297;1.7407481446911e-06;0.000221842991498427;CDH13;Protein coding;3.65395428703595
ENSG00000251322;0.546354243087526;0.101738475262879;1.49072779124432;2.06085599050935;-1.82940260226571;-0.605573763229723;-0.425241131667409;-1.33945900294124;2196.10665926038;-2.3578888616584;0.505747549359394;-4.66218544142235;3.12869074540984e-06;0.000342174025006102;SHANK3;Protein coding;3.46575296155318
SNORA46;1.66451533093097;1.18296082616088;1.27346366953658;1.06196624186606;-2.54903539604377;-1.36671297295706;-1.20919182620636;-0.0579658732873032;1439.78773627155;-2.36193088129603;0.428172461390143;-5.51630731604639;3.46196665708528e-08;1.96755105011013e-06;SNORA46;snoRNA;5.70607399061133
ENSG00000172348;0.475965876996396;0.780187326474401;1.27046230436003;1.70036874000425;-0.898171919328687;-1.12254544525956;-0.567779013761225;-1.63848786948561;1607.96378406754;-2.36390464455614;0.515046944083809;-4.58968773955385;4.43909582326187e-06;0.00044217476326882;RCAN2;Protein coding;3.35440604802112
SNORA74A;2.09374010460948;0.578511217956624;1.31434532466769;0.993999726751039;-2.08830872527911;-1.03848889179541;0.0744420531550691;-1.92824081006538;844.47881763676;-2.36536421769629;0.519049674952839;-4.55710567184384;5.18633349063833e-06;9.55967416382525e-05;SNORA74A;snoRNA;4.0195569101574
RNU1;-0.192132368800037;0.54623054624577;1.23221418995276;2.59618452260655;-1.74592403305125;-1.18187938999423;-0.961415571709315;-0.293277895250233;327757.143453576;-2.37542704961195;0.511881107555593;-4.64058355455903;3.47426660264713e-06;6.96897006766278e-05;RNU1;snRNA;4.15683140080896
ENSG00000159433;0.461295453588724;0.656432362372946;1.27363581844852;2.01561604860972;-0.407341039211948;-1.66739618602997;-0.577217254597068;-1.75502520318093;1502.99618788775;-2.39400652662475;0.444374867921347;-5.3873580606014;7.15009013182129e-08;1.8224317965401e-05;STARD9;Protein coding;4.73934871592661
ENSG00000144857;1.28949207628503;1.18121291089563;1.44337180378462;0.890125835820974;-0.841786638420324;-2.50767173315852;-0.971821961281375;-0.482922293926039;2079.6967786254;-2.39872927345307;0.459288106276023;-5.22271149780543;1.76321988931509e-07;3.55350315367547e-05;BOC;Protein coding;4.44934329479219
RNY4;1.08254993827292;0.840185020497648;1.08487803344688;1.91100297024649;-0.961950042772221;-0.413488853000105;-1.53261712129499;-2.01055994539662;29921.0719344729;-2.39905141583732;0.458792804393108;-5.22905196608475;1.70381473134118e-07;6.10891940397239e-06;RNY4;Y RNA;5.21403560455222
ENSG00000153551;1.49972028488687;0.196654865605829;1.25005946980455;1.51542738904337;-0.949219555288982;-0.879888531045372;-0.811657464407132;-1.82109645859913;1311.41454283606;-2.42792001364695;0.544196068668675;-4.46148025212059;8.13954481855277e-06;0.000709998863496436;CMTM7;Protein coding;3.14874234646067
ENSG00000134138;1.19225187161047;1.26208633562804;0.890303266244008;1.79196568984359;0.109046771767041;-2.00054735958814;-1.376263249736;-1.86884332576901;2335.84554944046;-2.42822008151306;0.424076743592792;-5.72589777251424;1.02888166256498e-08;4.08614686274948e-06;MEIS2;Protein coding;5.38868602817458
ENSG00000175265;1.68386771486895;0.761753421495493;1.62546299487234;0.434464771596073;-0.762324674085651;-1.62273018997193;-0.669332929740754;-1.45116110903452;1687.36564315143;-2.44884891999035;0.450288749989721;-5.43839685101227;5.37621200322989e-08;1.47905565777747e-05;GOLGA8A;Protein coding;4.83001548292615
SNORA75;0.969410652582347;1.14536389148945;1.54193738248581;1.38357169270624;-0.462261718319557;-1.6949268975166;-1.69905402008662;-1.18404098334108;1252.5170445793;-2.45907413615895;0.485821937609826;-5.06167784076866;4.15582832463474e-07;1.15841741739031e-05;SNORA75;snoRNA;4.93613492126119
ENSG00000198886;1.83207115813965;0.556422100658928;0.914349626202309;1.59312705527671;-2.15446762119487;-1.09953815123508;-0.65014821240754;-0.991815955440096;14506.1587880061;-2.47899698960414;0.532490763080284;-4.65547416308962;3.23235941488831e-06;0.000345822551721261;MT_ND4;Protein coding;3.46114668900094
ENSG00000085563;1.03018818547053;1.0169310240645;1.29821792072529;0.691359349373226;-0.682312608003463;-1.40645807035316;-0.506954470972486;-1.44097133030443;582.017848247944;-2.47918911272007;0.483357704773529;-5.12909815698844;2.91133520077514e-07;5.25617309373278e-05;ABCB1;Protein coding;4.27933034123838
SNORD90;1.63686658004192;1.58624903070477;1.20612768590681;0.852828560170272;-0.0868257732810935;-1.88501766280284;-1.79730794999394;-1.51292047074589;1051.42166216842;-2.47923522284735;0.448297842308792;-5.53033048314255;3.19628041517894e-08;1.96755105011013e-06;SNORD90;snoRNA;5.70607399061133
ENSG00000150938;1.45223729126124;0.437652271312759;1.69011004725994;1.59508865995473;-0.307021555035346;-1.35190061765171;-0.946628730013703;-2.56953736708791;6920.2105121202;-2.48907838719575;0.485037462263302;-5.13172400247417;2.87100278193099e-07;5.23791791751873e-05;CRIM1;Protein coding;4.28084131160914
ENSG00000198727;1.61774625642973;0.891772205721834;1.02491177311544;1.58954952627145;-2.18726567340929;-1.53538665982268;-0.354360762520336;-1.04696666578613;8999.75667706358;-2.4993542374999;0.508058751659363;-4.91941971147392;8.68011638705505e-07;0.000128584424974733;MT_CYB;Protein coding;3.89081163294502
ENSG00000158186;1.09876161363071;0.40964093117012;0.959034927912684;1.89800429752565;-0.732840018813533;-1.47798908958661;-0.986118313288527;-1.1684943485505;762.755181507534;-2.51612282826558;0.395416476272205;-6.36322201843071;1.9756479036262e-10;2.14012059160308e-07;MRAS;Protein coding;6.669561754318
ENSG00000109667;2.30987122631823;0.388355180993445;1.26335823742486;0.503035738414626;-1.06797706605748;-2.07548234888779;-0.660356498591842;-0.660804469614048;1186.32557577559;-2.51929918902164;0.490128162777316;-5.1400824934156;2.74617875179843e-07;5.06348618363514e-05;SLC2A9;Protein coding;4.29555037071059
ENSG00000107282;1.96470673468649;0.324932809007985;1.32977326676443;1.0373212055312;-0.792259469810718;-0.784560813485866;-0.832409638709592;-2.24750409398393;1181.14775431492;-2.53378094113517;0.539525462945226;-4.69631391872307;2.64898332191659e-06;0.00030205380878591;APBA1;Protein coding;3.51991568360849
ENSG00000164330;1.19780529803233;0.903376524146195;1.06593654794634;2.13353427822055;-0.553218140049061;-1.76486824915116;-0.52568449535416;-2.45688176379104;10139.867803303;-2.5592938064413;0.580508089527274;-4.40871342296955;1.03986514759269e-05;0.000854167902278504;EBF1;Protein coding;3.06845675241896
SNORA58;2.18499731818957;0.738784119933134;1.2966730391269;0.747222827084736;-2.00179925479073;-0.745729077441958;-1.22962327639835;-0.990525695703305;715.759212913681;-2.56767204616775;0.510778609557925;-5.0269764593119;4.98273492181572e-07;1.25860193210308e-05;SNORA58;snoRNA;4.90011160589454
ENSG00000167191;1.23182776189471;1.52347962739048;1.27867737176723;0.32760523140238;-2.01079741206336;-1.38609288629273;-0.481261614900111;-0.483438079198595;440.349199267361;-2.59823750521932;0.502112063170481;-5.17461677541324;2.28379239060037e-07;4.30246627324843e-05;GPRC5B;Protein coding;4.36628252539308
ENSG00000047648;0.968666889767446;1.52312586124067;1.35406602339836;1.3047239027466;-0.579228599354549;-1.77817161191559;-0.82163518331105;-1.97154728257189;2879.61732937022;-2.60745256707863;0.547999004912466;-4.75813376247851;1.9539100939174e-06;0.000241894069626974;ARHGAP6;Protein coding;3.6163747788471
ENSG00000169744;1.35500771759139;1.42861977775556;1.29742400508979;1.62725688580261;-0.490893631931643;-1.62935995633146;-0.573104724002011;-3.01495007397423;7375.08862417092;-2.61135987879964;0.586672482650294;-4.4511374847561;8.5416631350779e-06;0.00074022052728585;LDB2;Protein coding;3.13063887551845
ENSG00000146592;1.59263095996098;0.664731217218437;1.3063632053619;1.85994724453296;-0.239021420825024;-2.00929662255212;-0.726904796360829;-2.44844978733631;3369.83011611793;-2.62200292760318;0.557141373405396;-4.70617163391905;2.52412030907052e-06;0.000289722206601392;CREB5;Protein coding;3.53801821575643
ENSG00000139946;1.74410898787761;1.21235206618451;1.4128789776222;1.41549595092061;-0.102954854939185;-1.6021229534543;-0.947326207444217;-3.13243196676723;2875.16611031671;-2.63002712574586;0.592843120979779;-4.43629525699694;9.15202989478315e-06;0.000770014476390202;PELI2;Protein coding;3.11350110994793
ENSG00000146122;1.00946043387514;1.09025026053585;1.11853139994052;1.55786852760997;-0.530092465104236;-1.31976423979785;-0.962278193270937;-1.96397572378845;940.392710377618;-2.63340483506493;0.451897188108738;-5.82744240141469;5.62832659239356e-09;2.70972656942681e-06;DAAM2;Protein coding;5.56707453029912
ENSG00000182621;1.6807401555556;1.18054243309704;1.46136814340269;1.43206135668246;-0.927732376123215;-1.09311222595187;-0.538775106141099;-3.19509238052161;9866.26734078355;-2.64164570169228;0.531148301306511;-4.97346163998717;6.57677926674214e-07;0.000100874989602809;PLCB1;Protein coding;3.99621649703263
ENSG00000183287;-0.0406996263241002;1.11266114591218;1.01021268995829;2.09113746644458;-0.815346215007678;-0.718845594004647;-0.796728603057682;-1.84239126392094;651.689804477924;-2.65744231529377;0.573553903058573;-4.63329131076;3.59897541792968e-06;0.000371294297283079;CCBE1;Protein coding;3.4302817210607
ENSG00000103647;1.20386026920807;1.17698609999186;0.868672994358735;0.992494313985467;-0.167725244309662;-1.62839932301917;-0.861535506857575;-1.58435360335772;336.202259061361;-2.67498028505292;0.572659067251496;-4.67115678075547;2.9950821987354e-06;0.000330641813175044;CORO2B;Protein coding;3.48064222613381
ENSG00000112320;1.57916490692401;1.28444714087994;1.35150437550023;0.731892600549815;-0.36767369142294;-1.25558292555255;-1.23379613858579;-2.0899562682927;796.610787981642;-2.72519369323657;0.583025966121527;-4.67422353650116;2.9506781366868e-06;0.00032782790682728;SOBP;Protein coding;3.48435407924257
ENSG00000154655;2.19435975079212;1.01432957217907;1.77393344125314;1.37424088601989;-1.28900719110986;-3.25943972654788;0.270761322130204;-2.07917805471668;3377.92314455148;-2.78060892041363;0.597115945731822;-4.65673198026177;3.21268241417855e-06;0.000345822551721261;L3MBTL4;Protein coding;3.46114668900094
ENSG00000165795;1.78332659633663;0.832994664557473;1.99622620037638;0.816187589158176;-2.02079838872068;-0.164503021875632;-1.71891051740717;-1.52452312242519;1012.77852239412;-2.79901441114038;0.552838398170793;-5.06298842555371;4.12734920644317e-07;6.94516664524981e-05;NDRG2;Protein coding;4.15831732915687
ENSG00000112182;1.96647502142869;1.16911465973238;1.4076702619506;1.59594654859177;-0.271165874462998;-2.20271507779765;-0.680627170497525;-2.98469836894526;3834.52614219889;-2.81103785008042;0.544928154042509;-5.15854765298315;2.48872770673489e-07;4.63813210893861e-05;BACH2;Protein coding;4.33365688541646
ENSG00000118495;2.01170212905985;1.10942234440786;1.26408204345209;1.05733070244521;-0.57818786885414;-1.81128764526386;-0.965712094008953;-2.08734961123805;2413.294329767;-2.82263723803345;0.474161065124969;-5.95290808470224;2.63419255466028e-09;1.53393583893365e-06;PLAGL1;Protein coding;5.81419280556293
ENSG00000171044;2.04069001943551;0.672646616451567;1.66461152018956;1.28275876847319;-0.598582970932769;-2.31813298045989;-0.539734896625145;-2.20425607653203;2690.20539046838;-2.82373085792514;0.635565902722268;-4.4428608360368;8.87705854779353e-06;0.000750522823172476;XKR6;Protein coding;3.12463609645582
ENSG00000154258;1.3395868626746;1.25965500884423;1.0504979057142;1.89126630019016;-1.09352821365541;-1.91978164661422;-0.208419170763579;-2.31927704638997;1330.08477485585;-2.82667961165671;0.618884420095463;-4.56737885116043;4.93860938316213e-06;0.000480876279938012;ABCA9;Protein coding;3.31796664473134
ENSG00000147257;1.367814900761;1.70095642397327;1.02130968631963;0.957421125990905;-1.97061322400505;-0.693326017696251;-1.1242832353894;-1.25927965995411;754.685915147951;-2.83405364199414;0.626941495569721;-4.52044355337934;6.17101981843992e-06;0.000571957836862036;GPC3;Protein coding;3.24263598500604
ENSG00000184384;2.07167215057077;0.817965560059623;1.44110483438588;1.76463142462779;-0.301679361561975;-2.17874566967763;-1.03757383444468;-2.57737510395978;17899.6363657121;-2.86144105730556;0.500039860205787;-5.72242592046155;1.05013638509439e-08;4.08614686274948e-06;MAML2;Protein coding;5.38868602817458
ENSG00000151322;1.89442738168331;0.77051351558328;2.01864797597406;1.39019028381198;-0.484189632275093;-2.87798418526596;-0.49370322121554;-2.21790211829603;3575.48620699204;-2.86297237198207;0.488913571204769;-5.85578421340853;4.74764337299548e-09;2.35103299830736e-06;NPAS3;Protein coding;5.6287412752212
ENSG00000087903;1.43918297644153;-0.0388047424148574;1.25801238396466;2.43180559537122;-1.86181462463535;-0.925863804133153;-1.3475782556183;-0.954939528975748;3133.5122648498;-2.87061945728828;0.581024862956069;-4.94061380210734;7.78770232394908e-07;0.000116359014378177;RFX2;Protein coding;3.93419996611123
ENSG00000072163;1.25203612827192;0.17649605459974;1.49994624883974;1.78679203264041;-1.39889185313651;-0.997716571633093;-0.719443414624161;-1.59921862495805;727.971081566666;-2.89053041624919;0.464473027687965;-6.22324708635409;4.86969542140292e-10;4.18316890181965e-07;LIMS2;Protein coding;6.37849459976377
ENSG00000236383;1.53776277881808;2.35117318577417;0.217620685693479;1.41361205839964;-1.83666689123262;-0.71938074392912;-1.1854586088097;-1.77866246471392;12049.0995493529;-2.90237622466958;0.490907257640905;-5.91226994405661;3.37424943689262e-09;1.72007327177126e-06;LINC00854;Protein coding;5.76445305259933
ENSG00000113594;0.774973201856886;0.0856397993447189;2.52194760757738;1.82197827129128;-2.00534200858675;-1.27313351522944;-0.716257948513128;-1.20980540774094;3445.7519668657;-2.91348747736695;0.630673496419853;-4.61964470348914;3.84397716845464e-06;0.000391601970137558;LIFR;Protein coding;3.40715513194112
ENSG00000116833;1.81059833535115;0.105776599449241;0.714206583005838;1.85182041591435;-1.2574544974376;-0.965168298384901;-0.64006336900746;-1.61971576889061;646.045011529379;-2.9197493450051;0.528651261571745;-5.52301594121677;3.33229488370614e-08;1.01325148990166e-05;NR5A2;Protein coding;4.99428274899205
SNORA66;3.15300849302853;0.59541437025362;0.511836923403166;0.696372419205771;-1.32828567394015;-1.87108833288839;-0.771509989637101;-0.985748209425443;2620.90130189376;-2.94307768284442;0.514100102662813;-5.72471716617167;1.03606200147433e-08;7.06594285005493e-07;SNORA66;snoRNA;6.15082987949757
ENSG00000151136;1.51587239578163;0.83417400783641;2.13158981561139;0.819021791477951;-0.437997366859019;-1.72511600113048;-1.18860690087078;-1.9489377418471;1128.68948607504;-2.94678991239073;0.602286879165445;-4.89266828537579;9.94779924449406e-07;0.000142491947525265;BTBD11;Protein coding;3.84620967771972
RNU6V;1.00774908216216;1.3079295296133;0.697918448185963;1.89918875517081;-0.996437848849182;-0.180401441600365;-1.91251863299272;-1.82342789168997;252.94021809432;-3.00232125426332;0.681724869462496;-4.40400723041026;1.06269398762501e-05;0.000161057177680057;RNU6V;snRNA;3.79301991562927
ENSG00000184005;1.46283837869247;-0.149307710566113;1.97906247440722;2.31045485497104;-1.29498382432568;-1.94109010623598;-0.314743910163727;-2.05223015677923;3136.62315344542;-3.03351270387191;0.523236162692568;-5.79759756715109;6.72716442549682e-09;3.06829510059766e-06;ST6GALNAC3;Protein coding;5.51310287340692
ENSG00000170624;3.48151482110153;1.61325129286151;0.881830989147129;-0.143680538700782;0.328821161959066;-1.76209413494583;-1.04310868171022;-3.35653490971241;5022.70129953722;-3.05015908793507;0.680523669446279;-4.48207641391355;7.39202639391465e-06;0.000660405162161488;SGCD;Protein coding;3.18018954066441
ENSG00000116396;1.98702635352086;0.48436074093291;1.54604313988566;1.38644067124035;-2.14251767147732;-1.73436545869403;-0.982825844023276;-0.544161931385164;810.467962049504;-3.06835934573978;0.670502777866937;-4.57620676159034;4.73482602963313e-06;0.000463638444890403;KCNC4;Protein coding;3.33382055952572
ENSG00000150471;0.747975427893369;1.37426181532423;1.87780655125707;1.76910530274649;-1.07881360311093;-2.17642805391409;-0.480238639766279;-2.03366880042986;1656.35536084956;-3.07125407152288;0.628673183027663;-4.88529518108574;1.0327401422124e-06;0.000146716820859224;ADGRL3;Protein coding;3.83352009210382
SNORD118;2.24381378108585;0.710824316020251;1.5125415803829;1.78660587757439;-0.769673415566464;-1.10646367628918;-2.14251905186941;-2.23512941133833;9068.47543806068;-3.09542831264877;0.564235790456699;-5.4860545272098;4.11010076452748e-08;2.03440006621081e-06;SNORD118;snoRNA;5.69156363869796
ENSG00000126785;1.20970847478251;1.14632395318806;1.7182160405059;1.60268669248105;-1.08359387472289;-1.79370303562066;-0.649879672079056;-2.1497585785349;1096.85139007088;-3.12879303576655;0.542996608833301;-5.76208577524853;8.3080754292675e-09;3.59988908350161e-06;RHOJ;Protein coding;5.44371088011196
ENSG00000146648;1.8896318298573;1.32148162521994;2.37284612557814;1.76793834052022;0.136407086553392;-2.47325066107308;-1.48434944689472;-3.5307048997612;5088.37968141127;-3.19355225552261;0.576445209689252;-5.54007944179844;3.02334464660534e-08;9.35725168124353e-06;EGFR;Protein coding;5.02885168918246
ENSG00000157064;1.71444779897908;1.0206364405758;0.618951729692501;0.29503785368573;-1.05531826402804;-0.817361878482246;-0.547572331453321;-1.2288213489695;136.779974286261;-3.2241149047729;0.722708773263085;-4.46115368188457;8.15196017977099e-06;0.000709998863496436;NMNAT2;Protein coding;3.14874234646067
ENSG00000158560;0.560522453638781;0.313274560317833;1.59771278907997;2.51591813081192;-1.10217551602103;-1.09579418817458;-0.790585969908987;-1.99887225974391;863.661026386601;-3.22554879680261;0.541694749743912;-5.95455059944277;2.60787436655898e-09;1.53393583893365e-06;DYNC1I1;Protein coding;5.81419280556293
ENSG00000148541;0.135720052390713;0.620270102760562;2.00148617249402;2.22439701984676;-0.323600169760303;-1.2404351989169;-1.30478144344498;-2.11305653536988;680.773157763118;-3.22807793234316;0.696560177435985;-4.63431306714319;3.58124677061779e-06;0.000371294297283079;FAM13C;Protein coding;3.4302817210607
ENSG00000112530;1.91489226879741;1.20689471819535;1.59529388812582;0.61572787765321;-1.834186525733;-0.52788850860819;-1.09948916288343;-1.87124455554717;561.629860964373;-3.24346030393759;0.547882206513579;-5.91999569501844;3.21950045974642e-09;1.72007327177126e-06;PACRG;Protein coding;5.76445305259933
ENSG00000111452;1.0980911624282;0.747283780283604;1.2895900760958;2.26213378260154;-2.34708139308845;-1.13412155371334;-0.458584901564315;-1.45731095304304;864.722096544264;-3.280412675823;0.654807400350065;-5.0097367165815;5.45045485450591e-07;8.58793486711785e-05;ADGRD1;Protein coding;4.06611125801299
SNORA1;1.96633397734401;1.72731746886551;1.88294786346511;2.32243478012651;0.199993960613019;-3.44614086853533;-2.35199031052307;-2.30089687135577;1058.27432026047;-3.3188341647071;0.708701568127796;-4.68297844108712;2.82736260372323e-06;5.84321604769467e-05;SNORA1;snoRNA;4.23334805574228
ENSG00000179094;0.676118110703396;0.421987102326719;2.46074637105341;2.2471665502436;-2.07080744405706;-1.69961097446196;-0.674516170389145;-1.36108354541896;1761.1914746517;-3.32209699115724;0.576312044211924;-5.76440666913361;8.19456092580457e-09;3.59988908350161e-06;PER1;Protein coding;5.44371088011196
ENSG00000131746;1.20977658563885;2.06737436573178;1.76888171196367;1.09816064447153;-0.482366924873176;-1.53569696479823;-2.3412402086145;-1.78488920951993;853.964857409831;-3.33787224332812;0.712997511615473;-4.6814640850083;2.84833303780139e-06;0.000320566936436193;TNS4;Protein coding;3.49408127319773
ENSG00000166265;1.81984589974067;0.600866949842059;1.4580618877934;1.95904782241833;-0.985723224496679;-2.01136055040458;-0.996382847119373;-1.84435593777383;845.685624820094;-3.34388629916787;0.546040786124806;-6.12387642853399;9.13257342966358e-10;6.59524011178872e-07;CYYR1;Protein coding;6.18076938854421
ENSG00000185274;1.58892233643084;1.68585821847996;1.31433292427502;0.727075845609631;-1.15108280511591;-1.61723319513691;-1.10239797410673;-1.4454753504359;1154.87322644563;-3.34407105326209;0.656491741804076;-5.09385090522601;3.5086272664156e-07;6.08115277815152e-05;GALNT17;Protein coding;4.21601408557357
ENSG00000120738;1.52000895063799;1.38824853656284;2.08730702218175;1.48404708679903;-1.18793042800791;-1.50492754739774;-1.83252070142482;-1.95423291935114;2998.96243790767;-3.37489455908665;0.497010308826868;-6.79039146502349;1.11829681850462e-11;1.9382320458322e-08;EGR1;Protein coding;7.71259423028229
ENSG00000115353;0.762189083541395;0.211301184827249;1.36606452660233;2.39041806175225;-0.624156965993234;-1.63200255771292;-0.518708842977212;-1.95510449003986;464.535137207683;-3.37674766331725;0.759429193127449;-4.4464285727696;8.73096789999724e-06;0.00074685977185372;TACR1;Protein coding;3.1267609323573
ENSG00000152779;1.5534342445927;0.767851721159206;1.01252735282268;0.927252074463697;-1.25110644859177;-1.43976826236772;-0.389695308034395;-1.1804953740444;146.4308292948;-3.38050672837281;0.713712765934432;-4.73650870451625;2.17431406585491e-06;0.000261702856870815;SLC16A12;Protein coding;3.58219153637251
ENSG00000158966;2.06056472489138;0.924777773748355;1.48391858963653;1.90483153465368;-1.10536855573704;-1.97215441499532;-1.27931709709263;-2.01725255510495;2003.06752446669;-3.41849086530333;0.459784929167427;-7.43497807005873;1.04585312011643e-13;3.02112104630966e-10;CACHD1;Protein coding;9.51983187363729
ENSG00000182463;2.22980491926538;1.59956022559479;1.86734386745527;1.80449362909161;-0.847661796630753;-2.97005273411731;-0.720386708984428;-2.96310140167455;13111.650956795;-3.43882109294562;0.527382740983333;-6.52054158339304;7.0053982056538e-11;9.71925857424142e-08;TSHZ2;Protein coding;7.01236686361251
SNORA58B;3.30006093767355;0.456390964710852;1.11025479293716;1.56700754558247;-2.1026162835903;-1.21733059616602;-0.51876099413575;-2.59500636701195;1232.81950595601;-3.45694408378698;0.542961285564793;-6.36683346620383;1.92970493993762e-10;2.19343128172909e-08;SNORA58B;snoRNA;7.65887596710966
ENSG00000101680;2.28032550689558;1.21845590586167;1.25057641699583;0.822129358572576;-1.07689547361043;-1.2783569613367;-1.41479450213586;-1.80144025124266;486.261416337108;-3.4735919416533;0.667834900716112;-5.20127345535343;1.97927629754875e-07;3.81164630990165e-05;LAMA1;Protein coding;4.41888740519648
ENSG00000013297;0.420580862213665;1.60503149621705;2.2113799728686;1.93660223562775;-1.90870105254249;-0.839324632789786;-1.3757785537404;-2.0497903278544;1211.91031639813;-3.48058567640859;0.710420751694436;-4.89932996482294;9.61640303128289e-07;0.000141247031642538;CLDN11;Protein coding;3.85002067026825
SNORA19;1.81438973910597;2.24774306841993;1.16586331462495;1.67230983798706;-1.84522364933858;-1.52822966394279;-1.28814960545377;-2.23870304140277;1147.73519345321;-3.4909412295177;0.394437522823677;-8.8504288449206;8.71836343819656e-19;1.98197462161669e-16;SNORA19;snoRNA;15.7029019107803
ENSG00000050767;1.26271367934659;1.0616625297952;2.33131774492058;0.387758409294141;-1.37912588738014;-2.06480855548279;-0.522265239720909;-1.07725268077268;765.465495653154;-3.5139580901958;0.737012086377302;-4.76784323506587;1.86208582475504e-06;0.000232184687155787;COL23A1;Protein coding;3.63416642586806
ENSG00000211895;1.64005965445646;2.34230544238545;2.91234710992361;1.32844974551393;-0.00614988123442828;-4.81588678944437;-1.53505767810737;-1.86606760349327;4888.89254058997;-3.53222235311559;0.797455549459569;-4.42936581921006;9.45105929915069e-06;0.000787527691215768;IGHA1;Protein coding;3.10373416651516
SNORA81;1.92500466122295;1.49841582461229;1.65886336764658;1.96739502661414;-1.79482255995141;-1.60219747077675;-1.82382518283362;-1.82883366653419;6342.24144699193;-3.54687576290904;0.303291682021822;-11.6946028300698;1.35821129401616e-31;9.26300102519022e-29;SNORA81;snoRNA;28.0332482878827
ENSG00000164946;1.51084927440172;2.09922134797949;1.07288178009777;1.85506368924837;-1.20138459733577;-2.70075488898534;-0.525684522904887;-2.11019208250136;980.871084730158;-3.59156930405151;0.642317684973896;-5.59157779409028;2.25015436128149e-08;7.09085007086014e-06;FREM1;Protein coding;5.14930169726352
ENSG00000163531;2.0083956583082;1.00396952142765;2.1290475271641;1.36076752931229;-1.68422839591742;-1.7569627115836;-1.99057628342117;-1.07041284529006;1692.61850511529;-3.59925939950389;0.663020890794452;-5.42857615721753;5.68054058694278e-08;1.51469429927526e-05;NFASC;Protein coding;4.81967500909859
ENSG00000069188;2.17915347489515;1.53421747018612;1.42431009916857;0.378722945169523;-0.955940586816721;-1.12623073830685;-1.55374987291064;-1.88048279138515;750.567067670714;-3.60317474445202;0.792255058996409;-4.54799840472631;5.41585460420004e-06;0.000510149956521713;SDK2;Protein coding;3.29230214602499
ENSG00000145934;2.51343747955119;1.09601278354955;1.38914263641301;1.63380177566144;-1.30077052762542;-2.6047599074116;-0.59919450385425;-2.12766973628391;806.117154339065;-3.61090256066884;0.823852722162346;-4.38294668881034;1.17084771976471e-05;0.000939496883285274;TENM2;Protein coding;3.02710465630242
ENSG00000154162;1.16897371346014;1.31393752992099;1.75705742432017;2.07870530333591;-2.05322119325898;-1.98007329907499;-0.369501365875774;-1.91587811282747;696.487228246625;-3.63003844498197;0.730570648498444;-4.96877126454897;6.73784930213831e-07;0.000102438950969001;CDH12;Protein coding;3.98953487759434
ENSG00000149451;0.513671107213145;1.34608406664741;1.33575593532189;2.63519051383915;-1.40787262987797;-0.894504972970161;-0.852071769533488;-2.67625225063997;442.573732403857;-3.66628172565773;0.750886251180854;-4.88260601374987;1.04692919841378e-06;0.000147274128527493;ADAM33;Protein coding;3.83187353845665
ENSG00000154027;1.73428895993423;0.494732923081852;2.37707194119691;2.34627307138055;-0.8367900845909;-2.38410245160776;-0.706982290242737;-3.02449206915215;1231.62951994315;-3.6903162380334;0.754184664415845;-4.89312022923688;9.92497324810412e-07;0.000142491947525265;AK5;Protein coding;3.84620967771972
ENSG00000170271;1.50505867614502;1.64623646141337;1.62436261901139;1.06299264606651;-1.98199125200779;-1.71904577785142;-1.01783382726565;-1.11977954551145;352.147077802685;-3.72659506701083;0.696756831442737;-5.34848730409197;8.8692396396133e-08;1.97079053120228e-05;FAXDC2;Protein coding;4.70535953298962
ENSG00000189056;2.67636118568295;1.71889132901695;1.65555271276095;0.335377769833569;-1.07965153881632;-1.17795684640326;-1.75815413427232;-2.37042047780251;864.127139564861;-3.74339902176137;0.651988265576808;-5.74151287592518;9.38344224126682e-09;3.96667855916186e-06;RELN;Protein coding;5.40157299126731
ENSG00000179915;1.98422678150933;1.61740316429861;1.52925066111194;1.04169128489075;-1.41288001254019;-1.09700224579081;-1.97841279528951;-1.68427683819012;1204.84044597574;-3.80241586454994;0.669979907001679;-5.675417762253;1.3835059715692e-08;4.99560947900779e-06;NRXN1;Protein coding;5.30141151900505
ENSG00000196549;3.18221836940831;1.07009432196517;1.57385367815715;1.15092862807783;-0.590497975279234;-1.45394736820291;-2.27200010464167;-2.66064954948464;1316.37239025608;-3.81715700293564;0.618419048076244;-6.17244409726693;6.72423070520059e-10;5.29747120829712e-07;MME;Protein coding;6.27593139499691
ENSG00000189108;1.93711000683786;1.36636216456529;1.85688455521461;1.90987801151842;-2.11890332326334;-1.68310258410612;-1.78236860808152;-1.48586022268521;1358.78692307113;-3.83286558825575;0.545536547164055;-7.02586400156087;2.12745606050834e-12;4.60913355509132e-09;IL1RAPL2;Protein coding;8.33638070749734
ENSG00000130518;1.41277765805253;1.14816968022064;1.72593240039296;2.347301290999;-2.71105498378677;-1.87046990293643;-0.706802199411314;-1.34585394353061;613.062881805893;-3.84355042316988;0.827381785440414;-4.64543756075554;3.39356404632132e-06;0.000360842037121725;KIAA1683;Protein coding;3.44268287404988
ENSG00000046653;2.48685290279166;0.773230753569994;2.29758765051277;0.728739443679713;-1.03505914099494;-1.46451983746794;-1.75646132491722;-2.03037044717404;1093.47786114216;-3.8436418402685;0.627383112036954;-6.12646685338591;8.98519142759899e-10;6.59524011178872e-07;GPM6B;Protein coding;6.18076938854421
ENSG00000173320;2.04940041292583;1.2689545433248;2.04993868577979;1.91523193693366;-0.873488041013342;-2.66215376476518;-1.62945768858595;-2.11842608459961;2283.3938932349;-3.85214235268125;0.720163576043684;-5.3489824823459;8.84501016812924e-08;1.97079053120228e-05;STOX2;Protein coding;4.70535953298962
SNORD103C;1.16021434472652;2.04876380108208;2.64814841005629;1.7591396876713;-1.49677528634971;-2.27015275103978;-2.25347678910978;-1.59586141703691;2645.51917691258;-3.87264174221603;0.62652444373725;-6.18115028220692;6.36362005838292e-10;6.1999841140245e-08;SNORD103C;snoRNA;7.20760942327599
SNORA36A;2.74634504307087;2.07826556802647;1.56385169452179;1.34354726219009;-2.83212176743829;-1.17379276662046;-1.51994665732116;-2.2061483764293;732.310885823326;-3.9360140985557;0.422387647408082;-9.31848770367328;1.18010278565206e-20;4.02415049907352e-18;SNORA36A;snoRNA;17.3953257854832
ENSG00000077264;1.50346056521429;1.08656552279315;2.69627760513685;1.84763073588246;-1.08648441353796;-1.26535721570461;-2.11447999542318;-2.667612804361;1346.6345258654;-3.9399849005409;0.604796206717883;-6.51456615761939;7.2900047002734e-11;9.71925857424142e-08;PAK3;Protein coding;7.01236686361251
ENSG00000133392;2.92851401216457;1.2726230370399;1.78408942319822;1.12367016026924;-1.960749241714;-2.03290931698621;-1.36458958530693;-1.75064848866479;3111.60581741326;-3.95342944333795;0.695011347194735;-5.68829481604168;1.28314162531544e-08;4.83465448912329e-06;MYH11;Protein coding;5.31563455753318
ENSG00000154529;1.89076655500595;0.944646250171886;1.77264130202896;2.67129044826557;-2.03831878081262;-2.35378161017819;-0.462841782649461;-2.42440238183211;1142.91174510648;-3.97890533827709;0.672628446352925;-5.91545802121692;3.30953312837735e-09;1.72007327177126e-06;CNTNAP3B;Protein coding;5.76445305259933
ENSG00000154263;2.17733669235067;2.12797171273169;1.78539627526917;2.2005562361705;-1.61243054767821;-3.13188755886851;-0.465603234931283;-3.08133957504402;2650.74001419998;-4.00760242601314;0.729686300548731;-5.49222648554507;3.96897942817893e-08;1.12771067949504e-05;ABCA10;Protein coding;4.94780230674946
ENSG00000211890;2.54126451597883;2.26271591957284;2.87749026181405;0.916347598980488;-0.0890914154874434;-3.12621279260965;-2.08368039062211;-3.29883369762699;1930.08225757765;-4.01155159651167;0.800426024955608;-5.01177057147055;5.39314827943615e-07;8.57560054854929e-05;IGHA2;Protein coding;4.06673545661599
ENSG00000168477;1.24248548064927;1.43159105078048;2.11635236751142;3.38370325586923;-3.63825375168065;-1.12707338764563;-0.814361381449073;-2.59444363403503;4911.75660303158;-4.09893836747088;0.773506074676196;-5.29916764931261;1.16331781874049e-07;2.42923185956749e-05;TNXB;Protein coding;4.61453103170573
ENSG00000169760;2.02951744771721;2.37621499126734;1.70898875922585;1.608414648925;-1.23645070232162;-3.27783582022781;-0.913915488055606;-2.29493383653036;1395.93811105188;-4.10876133795068;0.729498382891357;-5.63231041262306;1.77811267339428e-08;6.04279389319013e-06;NLGN1;Protein coding;5.21876221835732
ENSG00000154678;3.07613490177495;1.51140142935126;2.05780146042455;1.10239477750255;-0.905038062902751;-2.40348975846743;-1.58780755783294;-2.85139718985019;2719.60401407312;-4.11355364563736;0.723818934020948;-5.68312522965628;1.32255352232611e-08;4.87712715935238e-06;PDE1C;Protein coding;5.31183592107747
ENSG00000205221;1.54025262660421;0.328412951253887;2.11230606649573;1.33585565710289;-1.99075460145759;-0.84241920327328;-0.997235195219731;-1.48641830150611;179.504452161516;-4.18467278623364;0.863165176228242;-4.84805562304926;1.24677446566243e-06;0.000168821054991104;VIT;Protein coding;3.77257339007876
ENSG00000203727;3.35108179409377;2.25377234305906;2.48854449137389;1.18434126148113;-0.0123843081060659;-3.84152206804874;-1.8375513392139;-3.58628217463914;2452.01934923809;-4.23080839320457;0.854092274568518;-4.95357295596889;7.28630216712202e-07;0.000109814077530921;SAMD5;Protein coding;3.95934198227113
ENSG00000073792;3.0669368881661;-0.655067050420968;1.67654965522785;2.71467449232423;-0.755760246103753;-1.70724606513065;-1.80482798649073;-2.53525968757208;986.989292483775;-4.27541371288788;0.65073409987115;-6.57013934529394;5.02681973489417e-11;7.92043996774415e-08;IGF2BP2;Protein coding;7.10125069337813
ENSG00000148123;1.78890114111145;1.49134996104996;2.38516035787808;-0.383547642398577;-0.724785898596407;-1.83536680301931;-1.08569724900001;-1.63601386702519;236.183100047223;-4.33263878016152;0.975055388007259;-4.44347965608008;8.85155295339233e-06;0.000750522823172476;PLPPR1;Protein coding;3.12463609645582
ENSG00000197584;2.21757266787593;2.10108588398723;1.85815862120324;-0.710793289531444;-1.26294461611897;-0.995686114326371;-1.43720445521298;-1.77018869787663;267.810203598391;-4.36170553037993;0.779302977791404;-5.59693168726404;2.18178624943423e-08;7.00272579170261e-06;KCNMB2;Protein coding;5.15473287914708
ENSG00000119771;2.5783323933174;0.349308382514815;3.01158961364081;2.18266953279504;-2.76641196439068;-1.44084968244261;-1.25702766913562;-2.65761060629915;4297.99465221201;-4.43248649495832;0.698958976122148;-6.34155457813837;2.27458147654855e-10;2.31900271479644e-07;KLHL29;Protein coding;6.63469874294441
ENSG00000170579;2.52898619124897;1.12335555832017;2.81607861385535;1.65220750739168;-1.74659240729815;-3.26642272427605;-0.932656204612828;-2.17495653462913;3108.4502716674;-4.46808372350677;0.841923617358194;-5.30699416358792;1.11447744964401e-07;2.35562477527195e-05;DLGAP1;Protein coding;4.62789388663828
ENSG00000264230;2.87842711738436;1.05279108940563;2.59973359523888;-0.201076052995836;-1.47784774028911;-0.99751440950319;-1.81724148124255;-2.03727211799817;381.606673505874;-4.48169629003522;0.951898548659182;-4.70816590312908;2.49955632086862e-06;0.000288815401021966;ANXA8L1;Protein coding;3.53937965182082
ENSG00000275163;2.2236567483571;2.08231334950317;1.91970777196126;-0.647288157713723;-1.37729791248902;-0.93218098250865;-1.39999218531478;-1.86891863179536;252.165602440792;-4.48698663107525;0.816432760528729;-5.49584343990488;3.88847376367575e-08;1.1232504545338e-05;AC117457.1;Protein coding;4.94952339699358
ENSG00000106278;1.82405549002282;0.938983088506211;1.78115889566114;1.67529112158162;-1.10956050965934;-1.25738869423307;-1.66387949771707;-2.18865989416231;348.911571247987;-4.50048940211905;0.97490169753292;-4.61635200093298;3.90544307587037e-06;0.000393541508087124;PTPRZ1;Protein coding;3.40500945445488
ENSG00000166405;1.93350277040475;0.950240774542412;1.72279186739163;1.68559290103631;-1.17632934405279;-1.70349860244062;-1.43894276884127;-1.97335759804042;293.962122393134;-4.54065201646636;1.03733628404513;-4.37722278330026;1.20201095816097e-05;0.000960057784647281;RIC3;Protein coding;3.01770262654564
ENSG00000198947;3.07608456936592;1.20755848901139;2.23164972190175;2.41880555394969;-1.75355769562124;-2.66828170922775;-1.49259547615068;-3.01966345322908;8448.33953361085;-4.57042348528174;0.56876909611788;-8.03563962331473;9.30919842873556e-16;5.37823423889483e-12;DMD;Protein coding;11.26936028682
ENSG00000130032;0.447672279917041;1.23354056797172;0.802532739054221;1.31980688378442;-0.653132302721346;-1.12178154614925;-1.01552071321979;-1.01311790863703;89.9937082675639;-4.62731970260641;0.77196202674828;-5.99423228380543;2.04448968041583e-09;1.36288827465259e-06;PRRG3;Protein coding;5.86553974481877
ENSG00000185737;2.95366063568348;1.4256443631152;2.43931942332218;1.55795656747625;-2.10066329314376;-2.17379088530626;-1.30160142940596;-2.80052538174113;2761.53230379714;-4.64461271226753;0.951503027037239;-4.88134307541805;1.05365750850503e-06;0.000147274128527493;NRG3;Protein coding;3.83187353845665
ENSG00000151882;3.16683989936381;1.24642421836437;2.59591631158453;2.27600762041446;-0.633368489820462;-4.4618481596543;-1.86965531802763;-2.32031608222479;982.49881757397;-4.65719019161701;0.911640497093131;-5.10858195359573;3.24585614189582e-07;5.79970913931323e-05;CCL28;Protein coding;4.23659378615408
ENSG00000189058;2.94859724165994;2.29512185364598;1.90988537113937;1.54624008772175;-3.00709709017141;-2.3909859721751;-1.13436860463011;-2.16739288719042;1449.12593148523;-4.69409060830307;0.872368914359388;-5.38085496976943;7.41329029047803e-08;1.83553067592236e-05;APOD;Protein coding;4.73623835304369
ENSG00000148053;2.86111228553064;1.51243580308342;2.20111383305999;2.39056315727013;-2.40253173011464;-1.43048809983743;-2.47530948525126;-2.65689576374085;2996.16063378636;-4.71427799815085;0.738518212120197;-6.38342822259823;1.73166781245362e-10;2.00088443502974e-07;NTRK2;Protein coding;6.69877799416151
ENSG00000146090;2.28490348553671;0.791862927337043;1.09010921560287;0.253466567823236;-1.0596573107837;-1.42890808351547;-1.0340535013328;-0.8977233006679;101.452946619322;-4.74494853597922;1.00410018612441;-4.72557280792227;2.29467597090491e-06;0.000274284992604992;RASGEF1C;Protein coding;3.56179795399642
ENSG00000139144;2.52729057376026;1.62373118616455;2.66865936053366;2.11803759627364;-2.1384722715187;-2.40944360047572;-2.95635105219858;-1.4334517925391;2129.83141595001;-4.76879951746025;0.690201178234412;-6.90928915777746;4.87088217336686e-12;9.38023664764382e-09;PIK3C2G;Protein coding;8.02778620496108
SNORA36B;2.91539397683107;3.007417746347;2.09932901528486;1.71437652798549;-4.04453152820835;-0.822359882433614;-1.9682576263092;-2.90136822949726;213.263753576365;-4.78845567027761;1.15741344042903;-4.13720413381638;3.515633238899e-05;0.000413389977401572;SNORA36B;snoRNA;3.38364005700713
ENSG00000182253;2.58840403371342;1.24476359128906;2.68339524294288;2.86669544198115;-3.81027753754561;-2.80691776854788;-1.57226684314843;-1.19379616068459;3497.31166671654;-4.7901863397838;0.809027967941731;-5.92091562912298;3.2015408591388e-09;1.72007327177126e-06;SYNM;Protein coding;5.76445305259933
SNORD4A;2.34893979616576;3.06354462916704;2.22416217200787;2.37010046537824;-1.17559603665549;-3.64643232113575;-2.43113414301498;-2.7535845619127;849.625719876478;-4.83654022026093;0.998037259382564;-4.84605176289015;1.25942669734779e-06;2.77073873416514e-05;SNORD4A;snoRNA;4.55740442393262
ENSG00000180914;2.49945940347787;1.63612645626618;3.39029189613526;0.177563095882999;-0.931590522257667;-3.45394864810016;-1.62003362937815;-1.69786805202633;648.658094462659;-4.85567762198798;1.0386948746548;-4.67478731287831;2.94258415002775e-06;0.00032782790682728;OXTR;Protein coding;3.48435407924257
ENSG00000101349;1.51176998833405;1.78800474515899;1.5950041476229;0.609164815385651;-1.63130675718367;-1.58431693200914;-0.922718311501262;-1.36560169580752;175.636348524788;-4.88944099895867;0.93466889590716;-5.23120114552772;1.68412133062983e-07;3.43402245911484e-05;PAK5;Protein coding;4.46419686880301
SNORA50A;3.0854232234435;2.14787235855241;1.96833101352161;2.68859729340205;-3.05551862366548;-1.47525895770255;-2.29179558077337;-3.06765072677818;1192.59012391005;-4.97257609477505;0.866900000787565;-5.73604347705335;9.6913793354212e-09;7.06594285005493e-07;SNORA50A;snoRNA;6.15082987949757
ENSG00000153820;2.64503257879599;1.57664335499627;1.08304573622734;0.795270042867413;-1.08091733558433;-1.67973657018671;-1.63081769433536;-1.70852011278061;162.423781521065;-4.99466098144252;0.881081568331143;-5.66878386856158;1.43814643174267e-08;5.08692937856408e-06;SPHKAP;Protein coding;5.29354429160254
ENSG00000273079;3.3815925893173;0.25873869458224;0.554247851136342;2.58446887513957;-1.25660429627862;-1.96492771758256;-1.53139592171915;-2.02612007459513;390.762830705131;-5.02682075859647;0.78693720871471;-6.38782955352522;1.6825672488599e-10;2.00088443502974e-07;GRIN2B;Protein coding;6.69877799416151
ENSG00000172987;3.01738350718716;3.1585079125921;2.20011851832732;0.460542806281339;-2.49307161882929;-1.51547327029058;-2.07646807743665;-2.7515397778314;2608.01709795172;-5.06483632492442;0.662053817629001;-7.65018823252618;2.00685329823372e-14;8.69569534124672e-11;HPSE2;Protein coding;10.0606956844155
ENSG00000255595;1.30300443988008;-1.04272777442952;2.2999577818898;3.17818970673561;-1.37671100491403;-1.74181863351105;-1.10181661994685;-1.51807789570404;223.002104402179;-5.07441801068349;1.00192634086417;-5.06466174579934;4.09126141042467e-07;6.94516664524981e-05;AC005885.1;Protein coding;4.15831732915687
ENSG00000077274;2.35652429871457;2.27721474275684;1.63360088736095;-0.96537390050474;-1.22055075315028;-2.04722539357106;-1.09399469486944;-0.94019518673684;227.625216878414;-5.10188506039855;1.08263608252233;-4.71246538219211;2.44737666604116e-06;0.00028660765118801;CAPN6;Protein coding;3.54271221999457
SCARNA15;3.31866721491051;2.84631450642325;2.07077683875794;2.58210828468782;-1.75488163717791;-5.50265647186625;-1.52445198750712;-2.03587674822824;215.269689230074;-5.16541869094207;1.00366500798814;-5.14655652018419;2.65311551148925e-07;8.25877291377105e-06;SCARNA15;scaRNA;5.08308447524214
ENSG00000109906;1.2468698190394;-0.323819595599462;4.95769177976466;3.18175658579285;-3.9485328101684;-2.79855496682275;-0.170627222702558;-2.14478358930372;13740.6691472675;-5.24915727053725;0.986615527883051;-5.32036758209167;1.03557801366859e-07;2.2158812509758e-05;ZBTB16;Protein coding;4.65445351715109
ENSG00000152578;1.57610599337137;2.80406375510706;2.48687855462527;1.67168471372754;-1.45602488760156;-3.35539539931712;-1.38405541669742;-2.34325731321514;666.322693168148;-5.29312504850901;0.941019460627144;-5.62488372448897;1.85632970637731e-08;6.18728970594839e-06;GRIA4;Protein coding;5.20849954863991
ENSG00000111404;2.67972404231678;1.14429743206622;1.69948072924526;1.00683276060164;-2.04499948311243;-1.5086684107446;-1.33641103743002;-1.64025603294284;193.231487768238;-5.30279595524161;0.852265650440196;-6.22199891841553;4.90860421719774e-10;4.18316890181965e-07;RERGL;Protein coding;6.37849459976377
ENSG00000104332;2.95203091943127;2.45283651753661;3.0834804481021;2.11605062265147;-1.8289683094704;-3.70873125261465;-1.64340793923157;-3.42329100640481;3260.3243012135;-5.38338507961398;0.605113736662538;-8.89648466634664;5.7643423373166e-19;4.99537906951857e-15;SFRP1;Protein coding;14.30143155017
ENSG00000124440;1.25889086741904;-0.593802232153084;2.01032226193919;2.00776969115521;-1.53676332682356;-1.53676332682356;-0.601415997950393;-1.00823793676285;175.522069272291;-5.41922904643347;1.21391456368851;-4.46425902492428;8.03463176149983e-06;0.000706884455280787;HIF3A;Protein coding;3.15065156857212
ENSG00000084453;3.26136101574746;1.53226685547525;2.6423664398725;-0.188212293133128;-1.12159479816025;-2.49335201031098;-1.6544885804933;-1.97834662899756;307.94783463273;-5.48220956809077;1.07572259387334;-5.09630419525824;3.46348437019608e-07;6.06354657618571e-05;SLCO1A2;Protein coding;4.21727328211595
ENSG00000206384;2.24480611834355;3.29326455525658;1.8368827605413;1.36426776810621;-2.98969666347472;-1.94510203765598;-0.935987992403396;-2.86843450871354;713.224856173066;-5.52790559795122;0.951317763440734;-5.81078774137239;6.21795599201953e-09;2.91269225009953e-06;COL6A6;Protein coding;5.53570539973353
ENSG00000185053;4.54104486340258;0.00231791663308201;0.695962286077501;1.44350590267248;-1.79060317198979;-1.5267465119723;-1.46413460807732;-1.90134667674623;1178.46416545726;-5.59975416336268;1.09696045000674;-5.10479130157177;3.31159782688187e-07;5.85679729954251e-05;SGCZ;Protein coding;4.23233980639948
ENSG00000146054;0.446833000905538;1.35492344729445;-0.498445038306071;1.70585550334364;-0.833599401813288;-0.707751254519388;-0.79695170952176;-0.670864547383124;51.546051450634;-5.61902495146058;1.03406772916887;-5.43390417567413;5.51341966663607e-08;1.49310296347088e-05;TRIM7;Protein coding;4.82591024255937
ENSG00000198838;3.30323671962483;1.48989029439896;2.22965719068931;1.66680721402691;-1.87404729934115;-2.94494750688732;-1.64475962384363;-2.2258369886679;1073.0501531003;-5.6975177546512;0.807159027160365;-7.05873014230592;1.68031025274633e-12;4.16044818579992e-09;RYR3;Protein coding;8.3808598823215
ENSG00000065618;2.80943437585079;2.33326599136643;2.51278576654731;1.16685465466566;-2.20264518771547;-2.20321674036979;-1.72369726651815;-2.69278159382678;575.83039424246;-5.78174781512406;1.30022493913762;-4.44672890135366;8.71877553519501e-06;0.00074685977185372;COL17A1;Protein coding;3.1267609323573
ENSG00000154080;3.1944601773623;1.07064753655407;2.69705153682916;2.29973377252627;-1.44879211549679;-2.90638714215443;-1.89019687238421;-3.01651689323636;709.117396531077;-6.02986375106116;1.01314747778615;-5.95161502473179;2.65509318993824e-09;1.53393583893365e-06;CHST9;Protein coding;5.81419280556293
ENSG00000086570;2.73421924216001;2.06789682946041;2.76732962264377;1.43808305165003;-1.65417979854188;-3.06704226445023;-1.71786895209901;-2.5684377308231;502.618658671842;-6.27506181769021;1.03402015865342;-6.06860684985296;1.29024562645024e-09;8.94501487905421e-07;FAT2;Protein coding;6.04841893269462
ENSG00000121207;1.71706370770386;0.87267489580937;2.04400410418434;1.05620881901999;-1.72948492509935;-1.4759987980071;-0.932033717597802;-1.55243408601332;119.138905506473;-6.34851355754579;1.25345798282543;-5.06479965386279;4.08830082281858e-07;6.94516664524981e-05;LRAT;Protein coding;4.15831732915687
ENSG00000204767;3.6925930588602;1.84090799612086;2.76551654419896;0.294318852261144;-1.46965142643429;-2.73805720767761;-1.92260987262013;-2.46301794470915;428.106595526722;-6.57860829413916;1.34340625250979;-4.89696119982232;9.73300466946201e-07;0.000141758350362282;FAM196B;Protein coding;3.84845134929962
ENSG00000052850;2.68939387775561;2.11834093641769;2.3070258646615;-0.332273930219803;-2.03928347482643;-2.03928347482643;-1.01807572859587;-1.68584407036628;212.808323293837;-6.66130565256469;1.16224457658073;-5.73141470116554;9.95964311615797e-09;4.08614686274948e-06;ALX4;Protein coding;5.38868602817458
ENSG00000170549;2.67312496533072;1.91225852351841;2.64591214384274;0.276837803134395;-1.7097946528564;-2.43707082258105;-1.55785796122374;-1.80340999916508;226.263138391741;-6.69745056214561;1.37528069942694;-4.86987897447871;1.11666621796121e-06;0.000154832471117629;IRX1;Protein coding;3.81013795483929
ENSG00000154493;2.65785013917074;1.43185879762395;2.59685949789128;2.37408975655464;-2.37318146973087;-2.66252511158265;-2.03152417730579;-1.99342743262129;467.200604876646;-6.72842372352873;0.901098201538797;-7.46691505103291;8.20967291220016e-14;2.84580101828506e-10;C10orf90;Protein coding;9.54579546956512
SNORA36C;1.70843650700027;2.02598909449232;1.84766412460057;1.89918501016579;-2.2339749560106;-1.54175868541671;-2.2339749560106;-1.47156613882104;24.6837369958673;-6.75121969321063;1.36124671866;-4.95958565090719;7.06436958298208e-07;1.72067859128349e-05;SNORA36C;snoRNA;4.76430024476132
ENSG00000182601;3.64553491004209;1.80290414138561;3.37725386222047;2.50505789982328;-2.54183383208984;-2.55929444782104;-3.04244379584656;-3.18717873771401;1397.21251170723;-7.0898382451813;0.79162133394444;-8.95609799934839;3.36371042930153e-19;4.99537906951857e-15;HS3ST4;Protein coding;14.30143155017
ENSG00000094755;4.6365208943504;1.74168753246643;2.80827654974328;3.00336434979284;-3.17279652667318;-3.78252227373044;-2.68627156004997;-2.54825896589935;2657.35010004924;-7.53965302945524;1.21275360718109;-6.21697019477872;5.06845989719667e-10;4.18316890181965e-07;GABRP;Protein coding;6.37849459976377
ENSG00000167614;2.64217083192589;0.522478544724322;0.428808379913959;2.13650632948041;-1.2870955449744;-1.68837762917361;-1.41955268718311;-1.33493822471346;95.7729618567383;-7.67464547276041;1.71732452291469;-4.46895468524191;7.86027789281977e-06;0.000695073145093634;TTYH1;Protein coding;3.15796949060552
ENSG00000166006;2.91257040226512;-0.316801324177644;4.39268755545237;1.65165995725751;-2.31598943580818;-2.54816668550716;-1.40484462306087;-2.37111584642114;435.855721465836;-8.00202166558966;1.48636688716455;-5.38361136452293;7.30060432429361e-08;1.83382716157474e-05;KCNC2;Protein coding;4.73664159904309
ENSG00000172927;5.30287977555743;2.4521971300007;1.46934633850644;0.00926595276748188;-2.10142874747261;-3.04295575902723;-2.20351795075352;-1.88578673957871;763.129250235098;-8.06057663764642;1.42766353390067;-5.64599182247322;1.64231651906333e-08;5.69292598168112e-06;MYEOV;Protein coding;5.24466446276432
ENSG00000100146;2.93095637492743;1.63176107921284;2.23189629594468;2.10022766691375;-2.57376671703149;-2.32028058993924;-1.89371642750158;-2.10707768252639;321.942976149289;-8.20607078381514;1.46526371163783;-5.60040538685191;2.13851103121228e-08;6.99333456471157e-06;SOX10;Protein coding;5.15531569439205
ENSG00000163631;-0.534354693895659;0.174964644072709;1.6187637099;6.03333050371461;-1.28480427172136;-2.48020588582433;-1.72732590664878;-1.80036809959719;619.734762709269;-8.28823703051919;1.50471622355521;-5.5081728373583;3.62577330073942e-08;1.06511699743077e-05;ALB;Protein coding;4.97260268466862
ENSG00000071991;0.878021877297212;-0.316841792486264;0.104981426436717;4.50912545747022;-1.5368809292001;-1.28339480210785;-1.34665569827053;-1.0083555391394;153.796886844068;-8.52152471840429;1.6963393802406;-5.02347868455169;5.07438589294402e-07;8.29709965061375e-05;CDH19;Protein coding;4.08107369387253
ENSG00000111262;0.321281845572334;2.24080180663312;0.375182256197778;0.69826542348216;-0.908882832971347;-0.908882832971347;-0.908882832971347;-0.908882832971347;43.1263892020829;-9.30631173286026;2.06623575089859;-4.50399318122969;6.66883470433931e-06;0.000609750363597998;KCNA1;Protein coding;3.21484793204161
ENSG00000185559;2.24434217467521;1.47263097721727;1.94375589864662;-0.420153032064409;-1.31014400461867;-1.31014400461867;-1.31014400461867;-1.31014400461867;50.5951770447186;-10.5047270899795;2.1102251544535;-4.97801244943458;6.42405252119307e-07;9.94122127654628e-05;DLK1;Protein coding;4.00256025935679
ENSG00000211968;-0.0635103737234601;-0.0635103737234601;0.444572616064224;-0.0635103737234601;-0.0635103737234601;-0.0635103737234601;-0.0635103737234601;-0.0635103737234601;64.0665659323798;-17.8749119850096;3.77055633256173;-4.7406563934997;2.13026942852236e-06;0.000258194613532514;IGHV1_58;Protein coding;3.58805282224585
